{
    "loss": 0.2795199751853943,
    "accuracy": 0.9137930870056152
}