{
    "loss": 0.25506648421287537,
    "accuracy": 0.8965517282485962
}